{
  "baseInfo": [
    {
      "fa-icon": "fa-university",
      "title": "Název strany",
      "description": "Česká pirátská strana"
    },
    {
      "fa-icon": "fa-university",
      "title": "Zkratka",
      "description": "Piráti"
    },
    {
      "fa-icon": "fa-files-o",
      "title": "Elektronická podatelna",
      "description": " <a href=\"#\">info@pirati.cz</a> (elektronická pošta) <br> <a href=\"#\">podatelna</a> (systém redmine)"
    },
    {
      "fa-icon": "fa-envelope",
      "title": "Informace, telefonický kontakt",
      "description": "+420 608 963 111"
    },
    {
      "fa-icon": "fa-music",
      "title": "Problémy s OSA, <br> Intergramem apod.",
      "description": "<a href=\"#\">hudba@pirati.cz</a>"
    },
    {
      "fa-icon": "fa-globe",
      "title": "Zahraniční odbor <br> International Department",
      "description": "<a href=\"#\">international@pirati.cz</a>"
    },
    {
      "fa-icon": "fa-desktop",
      "title": "Internetová stránka",
      "description": "<a href=\"#\">www.pirati.cz</a>"
    },
    {
      "fa-icon": "fa-files-o",
      "title": "Datová schránka",
      "description": "b2i4r6j"
    },
    {
      "fa-icon": "fa-university",
      "title": "Sídlo - adresa",
      "description": "Řehořova 943/19, Praha 3"
    },
    {
      "fa-icon": "fa-university",
      "title": "Sídlo - kontakt",
      "description": "+420 778 702 713 <br> <a href=\"#\">tobias.esner@pirati.cz</a> "
    },
    {
      "fa-icon": "fa-university",
      "title": "Identifikační číslo",
      "description": "71339698"
    },
    {
      "fa-icon": "fa-university",
      "title": "Transparentní účty",
      "description": "2100048174/2010 a další účty u banky Fio"
    }
  ],
  "people": [
    {
      "img": "ivan-bartos.jpg",
      "title": "PhDr. Ivan Bartoš, Ph.D.",
      "description": "Předseda <br> kontakt pro politiky",
      "tel": "+420 603 415 378",
      "e-mails": [
        "ivan.bartos@pirati.cz",
        "rp@pirati.cz"
      ]
    },
    {
      "img": "vojtech-pichal.jpg",
      "title": "Bc. Vojtěch Pikal",
      "description": "1. místopředseda",
      "tel": "+420 776 635 258",
      "e-mails": [
        "vojtech.pikal@pirati.cz",
        "rp@pirati.cz"
      ]
    },
    {
      "img": "jakub-michalek.jpg",
      "title": "Mgr. et Mgr. Jakub Michálek",
      "description": "3. místopředseda <br> Předseda zasupitelského klubu Pirátů <br> ZHMP (<a href=\"#\">viz Praha</a>)",
      "tel": "+420 775 978 550",
      "e-mails": [
        "jakub.michalek@pirati.cz"
      ]
    },
    {
      "img": "elizabet-kovaceva.jpg",
      "title": "Elizabet Kovačeva",
      "description": "asistentka pro administrativu",
      "tel": "+420 778 702 242",
      "e-mails": [
        "elizabet.kovaceva@pirati.cz"
      ]
    },
    {
      "img": "ljuba-polakova.jpg",
      "title": "Ljuba Poláková",
      "description": "telefonní kontakt pro veřejnost",
      "tel": "+420 608 963 111",
      "e-mails": [
        "info@pirati.cz"
      ]
    },
    {
      "img": "mikulas-ferjencik.jpg",
      "title": "Mikuláš Ferjenčík",
      "description": "Vedoucí <a href=\"#\">mediálního odboru</a> <br> Organizace tiskových konferencí <br> Kontakt pro média",
      "tel": "+420 737 943 770",
      "e-mails": [
        "mikulas.ferjencik@pirati.cz"
      ]
    },
    {
      "img": "lukas-cernohorsky.jpg",
      "title": "Ing. Lukáš Černohorský",
      "description": "Pověřený vedoucí finančního odboru <br> <a href=\"#\">Kontakt pro účetní</a> ",
      "tel": "+420 601 573 955",
      "e-mails": [
        "lukas.cernohorsky@pirati.cz",
        "fo@pirati.cz"
      ]
    },
    {
      "img": "martin-kucera.jpg",
      "title": "Mgr. Martin Kučera",
      "description": "Vedoucí administrativního odboru <br> <a href=\"#\">Kontakt pro členy</a>",
      "tel": "+420 778 702 711",
      "e-mails": [
        "martin.kucera@pirati.cz"
      ]
    },
    {
      "img": "ondrej-profant.jpg",
      "title": "Ondřej Profant",
      "description": "Vedoucí <a href=\"#\">technického odboru</a>",
      "tel": "+420 607 580 015",
      "e-mails": [
        "ondrej.profant@pirati.cz"
      ]
    },
    {
      "img": "jakub-nepejchal.jpg",
      "title": "Jakub Nepejchal",
      "description": "Vedoucí personálního odboru <br> <a href=\"#\">Kontakt pro zájemnce o členství a dobrovolníky</a>",
      "tel": "+420 778 711 166",
      "e-mails": [
        "jakub.nepejchal@pirati.cz"
      ]
    },
    {
      "img": "mikulas-peksa.jpg",
      "title": "Mgr. Mikuláš Peksa",
      "description": "Vedoucího zahraničního odboru <br> Deputy Head of International department br Kontakt pro cizince",
      "tel": "+420 605 101 249",
      "e-mails": [
        "mikulas.peksa@pirati.cz",
        "international@pirati.cz"
      ]
    },
    {
      "img": "vladislav-tobias-esner.jpg",
      "title": "Vladislav Tobias Esner",
      "description": "Správce sídla strany <br> Krajský manažer Praha, <a href=\"#\">SčK</a>",
      "tel": "+420 778 702 713",
      "e-mails": [
        "tobias.esner@pirati.cz"
      ]
    },
    {
      "img": "michaela-krausova.jpg",
      "title": "Michaela Krausová",
      "description": "Koordinátor dobrovolníků <br> <a href=\"#\">Praha</a> ",
      "tel": "+420 732 858 172",
      "e-mails": [
        "michaela.krausova@pirati.cz"
      ]
    }
  ]
}