{
  "articles": [
    {
      "title": "Pražský kmotr Petr Hulinský se stal náměstkem ministra vnitra",
      "datePublished": "08. 07. 2016",
      "authors": ["Mikuláš Ferjenčík"],
      "image": "images/articles/1.jpg",
      "content": "Petr Hulinský, bývalý předseda pražské ČSSD, se stal náměstkem ministra vnitra Milana Chovance (ČSSD). Piráti jmenování kritizují a požadují jeho odvolání. Hulinský ke 30. červnu skončil na ministerstvu školství."
    }, {
      "title": "Pražská energetika se rozhodla vědomě porušovat zákon o registru smluv",
      "datePublished": "01. 07. 2016",
      "authors": ["Mikuláš Ferjenčík"],
      "image": "images/articles/2.jpg",
      "content": "Dnes vstoupil v účinnost zákon o registru smluv, jinými slovy zákon, který nařizuje všem veřejným institucím s výjimkou ČEZ malých obcí zveřejňovat smlouvy s hodnotou přesahující 50 000 Kč na Internetu..."
    }, {
      "title": "ČSSD porušila slib nebrat přeběhlíky. Legalizuje tím politickou korupci",
      "datePublished": "22. 06. 2016",
      "authors": ["Jakub Michálek"],
      "image": "images/articles/3.jpg",
      "content": "Pirát Jakub Michálek dnes požádal ústřední kontrolní komisi ČSSD, aby prošetřila vstup zastupitelky zvolené za TOP09 Moniky Krobové Hášové do klubu ČSSD výměnou za milionový job v dozorčí radě. Upozornil tak na skutečnost..."
    }, {
      "title": "Byznys snů. Provozuje farmářské trhy na Náměstí Republiky, neplatí za to nic",
      "datePublished": "21. 06. 2016",
      "authors": ["Adam Zábranský"],
      "image": "images/articles/4.jpg",
      "content": "Společnost Delicato centrum provozuje farmářské trhy na Náměstí Republiky. Na tom samo o sobě není vůbec nic špatného. Problém je, že za to městské části Praha 1 ani Magistrátu hl. m. Prahy neplatí..."
    }, {
      "title": "Zastupitelstvo 16. 6. nepřineslo změnu",
      "datePublished": "18. 06. 2016",
      "authors": ["Ondřej Profant", "Jakub Michálek"],
      "image": "images/articles/5.jpg",
      "content": "Koaliční buldozér opět potlačil návrhy opozice, stále jsou pokutováni pouliční umělci, koalice se stále drží svých trafik. Radnice dohnala Piráty a též zveřejnila Metropolitní plán."
    }, {
      "title": "Praha 13 účelově změnila skartační plán, aby mohla smazat zvukový záznam ze zastupitelstva",
      "datePublished": "17. 06. 2016",
      "authors": ["Mikuláš Ferjenčík"],
      "image": "images/articles/6.jpg",
      "content": "Městská část Praha 13 odmítá vyhovět v žádosti o informace svému vlastnímu zastupiteli Tomáši Murňákovi. Pro..."
    }, {
      "title": "Piráti předali Praze 10 000 Kč na vymáhání škod po Pavlu Bémovi",
      "datePublished": ["16. 06. 2016"],
      "authors": ["Mikuláš Ferjenčík"],
      "image": "images/articles/7.jpg",
      "content": "Zastupitelé Pirátů na dnešním jednání zastupitelstva předali primátorce Krnáčové symbolický šek na 10 000 Kč, kterými hodlají podpořit vymáhání škod, které způsobil bývalý primátor Pavel Bém Praze mimo jiné v kauze Opencard."
    }
  ]
}