{
  "people": [
    {
      "firstName": "Jakub",
      "lastName": "Michálek",
      "birthDate": "6. února 1989",
      "image": "images/people/jakub-michalek.jpg",
      "description": "Mgr. Bc. Jakub Michálek je předseda klubu Pirátů v pražském zastupitelstvu. Jako právník se zaměřuje na svobodný přístup k info..."
    }, {
      "firstName": "Ondřej",
      "lastName": "Profant",
      "birthDate": "2. května 1988",
      "image": "images/people/ondrej-profant.jpg",
      "description": "Informatik specializovaný na svobodný software. Zaměřuje se na IT systémy, technologické inovace a analýzu zavedení bezplatné MHD."
    }, {
      "firstName": "Mikuláš",
      "lastName": "Fernjenčík",
      "birthDate": "",
      "image": "images/people/mikulas-fernjencik.jpg",
      "description": "Protikorupční aktivista, lektor kroužků logiky a překladatel. Zaměřuje se na komunikaci města a obyvatel, podezřelé kauzy, konk..."
    }
  ],
  "footerNavs": [
    {
      "title": "O nás",
      "items": [
        "Tým",
        "Městské části",
        "Program",
        "Projekty",
        "Podporuji"
      ]
    }, {
      "title": "Připoj se",
      "items": [
        "Členství",
        "Stáže",
        "Přispěj",
        "Nezávislý aktivista"
      ]
    }, {
      "title": "Makáme",
      "items": [
        "Aktivity",
        "Kalendář",
        "Pro členy",
        "Udělali jsme pro vás"
      ]
    }, {
      "title": "Transparence",
      "items": [
        "Transparentní účet",
        "Evidence lobbistů",
        "Registr smluv",
        "Technické systémy"
      ]
    }
  ]
}